id,answer
36deab86-cfd3-48b5-9bea-a36c1b0e63a8,D
2b5bbd26-45e8-4768-ab8a-b5dc1d153ab7,B
8a722080-bc16-49db-89c9-100cd61cd28a,A
75316e95-88f4-4fef-83b9-dde0aa52889a,
bcca13bc-2675-4645-82cc-7e4c412ed294,
ff5b5d2e-5fa1-4709-a9a7-681e4d4585bd,
d7a45917-d0f9-476e-912d-ebc5af9333a1,
e625dbc8-f448-4c53-9a78-6c3f351b49c3,
9bea42e5-3c21-46dc-93f7-0017f382f7cf,
0925a4d7-8546-46a8-834f-20f58f16bc99,
dc0aa42f-569d-4277-8149-b645f3cf9888,
b9964445-c648-4661-ad85-7e5e4cd0feb4,
a803daca-2cab-4d53-be68-c75fb71da84a,
1ca64702-d7d7-4a9a-987a-4e58938a3b96,
6caca908-0f01-43b8-a2f4-674d30d03891,
4485f013-35ce-4f02-92a9-ae8299565de5,
81747de9-22c1-47e7-a6c2-36116f90d772,
5dca8ccf-cfa3-4b2f-943c-0d4a28cadf46,
aa5ad602-ac8c-428f-8d08-c7170638b851,
e4eb6222-3aeb-4dec-b5ea-3d66ec2223f3,
864e54f2-c66a-4009-83e7-7c53a817d4a5,
9c4775a4-f5ca-49e9-815f-d6491ed0612e,
25027061-c540-4c98-b3a2-f3342ab56179,
ee2a16e1-1d47-427c-97ae-ad44162984cb,
f101430b-bbe2-4803-a5ab-691e6295b1f9,
eb23455d-9d29-4e56-b7c1-383a71e1e4cc,
b0f3c24c-849e-4de9-896b-a3c0b7baa649,
f259d90e-7120-4459-a814-a456011fc840,
52823831-b62d-4a94-89a0-afbce85815ce,
9f003d54-1999-4b42-9b85-8b9948ad00d8,
a1c3478a-d9ae-4e50-8feb-6bab95236e70,
b67007a5-e402-44f3-8310-a03e82aae300,
18d090c5-fdb3-4432-bc8f-724484060a34,
07b70d56-3738-4458-b9c6-b49dc48b3541,
53be4f07-fab4-4536-bc89-044a480d0e67,
052dd83c-9e8e-47f3-880d-d89a08c9da5e,
60ac44e1-9dab-4480-8329-473b7b6bc58e,
686fd450-cef8-49b3-9a3d-fb4a1471ee7b,
b3879d43-60ad-46c5-930d-5f2296e1311d,
ca9322b9-83ac-445c-b797-0c0491b99411,
c5d43d55-3a4d-442e-afa9-4b04bf10ea3a,
e32c85f9-6dca-46fb-bae4-7b1e929e8304,
14a8a716-b488-4848-944a-558f54c1e08a,
9cd693df-44be-42b3-bd28-1dfb7e8f88ed,
11238893-60fd-4b99-82c1-fa612e2c2f05,
c6c767fc-efd3-4f39-a79f-0aab65ebbac9,
63010eac-025c-4be8-bb45-d7b4cbdbea0a,
9adea360-0371-4a0a-9d16-fbd6117a95d8,
99aa42a2-8b0c-498e-9df2-11f3e5050776,
8bdaa88e-7426-40cc-8e74-366f75db77a5,
dda08fd7-6c69-40fb-a50a-d01a72de6ee6,
ed45ca23-3f20-4662-9dde-afcc3f20b0be,
aa6b1b87-34e3-4b67-9fbc-a55a6b2af6a6,
d9825631-a11e-463b-988f-4e070213f92b,
8fafdfe8-7ef5-45c1-8283-c9d94915d04d,
54e87d21-d3ad-4dab-bb41-563eeb95750b,
29efb2ab-4920-4cb8-bae7-6a12f0c0b6b0,
9366d493-bebe-4bfc-8fd6-1dea83d09bb1,
43870ef5-80b7-455e-b18d-a5060cfc42fd,
84136d86-4cb4-4723-8d85-0a2bc9d06d47,
9848b932-bf14-47ed-892d-839fbb4c9b29,
3118667a-9de4-4d6b-a833-0aa98ef26c12,
ebd5d7c2-3153-4e06-afca-71fed1f24c34,
465b59b5-1a3a-48dd-be68-e3f4caf6c72a,
806692d1-f246-4d9d-a294-f2bcae550c86,
c6cda2fe-3e0a-49b3-9e7d-fdffa0942258,
c0f8b091-95aa-4ac9-b08f-f812a5f7b5f8,
1a87c3d0-83f0-405a-9076-82aad4ca5ae6,
ec7802de-94fd-46f9-8c05-eb4644465131,
458050dc-92aa-4861-82c1-442069f8b6ff,
88246405-aff7-4cdd-8e4e-c321511a3995,
8ecfce58-561a-4b7f-982f-af4407174937,
6861f3dc-eeb5-4fb5-a697-9bd290b21439,
e696199c-f2b7-47a0-a6eb-1a2f65ecac4d,
4188098a-676e-41bf-956d-e9769d45553d,
6bfb0c4b-8464-4bfb-bc96-689624fd767e,
071c7d5b-3923-4000-bdca-72516b91ba78,
78b14426-e0da-4c34-9db7-ea89abd93250,
4dfb6b69-3510-4d68-83df-f98644f30e88,
1fa8c1fa-52e0-4280-a4e0-3356241163b8,
3dc8a9b5-e2ce-4273-a936-28141c339dc5,
82fc1ce2-22da-40e7-ad5f-a1938ee9e1b5,
fca565b9-8a05-484f-8565-bca3cab90f6e,
023b60af-943e-4ab4-813d-e85609421fa3,
0b6561ca-ccb3-4634-8eae-7e538d77b4bc,
3b991e02-2162-42e6-83be-d9d80f3084eb,
df0f32d8-8ee3-4551-a5b1-4d83347713e9,
1460c369-2282-432d-a63a-e72033a84551,
fa9e0aa3-7557-4a63-9c28-644aa7e03cd6,
9980f285-fe19-48ab-bed1-0db8a38025b6,
71b5779f-1ad1-470e-86f4-1132894c8828,
5d849e44-64c9-4a47-a9ff-f0fd0fbf14fa,
29f259c6-0df5-4aba-ab2e-538b712bd2ff,
c7ee7235-858c-48d4-ad88-2b2a80bce290,
e6d8e952-6600-42d1-9c0d-6435b38c330b,
b9a40068-74c2-4dd6-911d-0072d9a7477d,
58235cae-5b0f-4f68-b8ef-d04e9ff12633,
59409dd7-7f7b-4d99-8ec8-6813fc4b1892,
56ce74fa-f233-47b5-8c14-49cc5d9cc604,
7477f674-71c1-4ea9-8982-9b9e6ffce1f7,
13ab2783-a3b1-4e87-b3f5-a124faa3edf3,
93c60e28-c5d2-46f3-8322-c01ed956d2f0,
147c934a-8ec7-4fb7-93a4-dadf8450e625,
065f5386-ec07-4a64-81a8-d08c8f941837,
293dc56b-21d4-4db0-ba7c-263e56bdf7f3,
8e8b6b98-cdbd-4569-b976-3b4c00e7f8aa,
43e41915-2c2c-4019-8367-594f00343077,
1067fe05-7e40-4f87-9e7b-447d4decd41b,
355ed388-b486-4008-b2b6-4461c2216b09,
db189b93-24ce-4da8-953a-b06cfa93e418,
3e293c72-c589-4454-8061-cbc4d9080150,
60c7e672-d84a-4227-8fc3-64c4e707365e,
7c90451a-3d8b-4ea5-b937-be7e28cfd524,
38210e9b-bbf2-499f-801e-b2d48e797e93,
d2e9c0c3-7ea7-4727-9541-e87543d60453,
456118be-4934-4160-b4cc-e9f94393728b,
cb02d54e-88b7-49a7-b7b7-3a03bb04978c,
b838cc9c-53c5-477a-a389-6de106bd212c,
f73b3c90-2f90-43da-b2ca-2f73fe71f190,
5deeb70f-fb21-4b5a-aa7a-2168f81eb994,
253e047e-e341-4cb1-9f88-664c2d54411c,
a346795e-2436-4ef8-ac48-0c2dd11c957b,
722df8de-d854-4657-a98f-92c385611ca0,
6ae39294-d3bd-4c56-a3f3-1d5108984bc2,
338d4b82-1d20-4cfe-880d-42d9ec4e51db,
8808fc1e-4d21-4b42-9494-20d0bf9007f8,
e79a84af-d13a-4dd3-8c21-aeca796fc890,
6ce49e4c-8ed4-40db-957b-35343809b8d2,
23be0f34-6a7e-42fb-b8ce-59c596060c46,
09980997-95f6-4ad8-b06c-40ca953a666a,
d0c2306f-91d1-49dd-8411-d376234657a2,
b430bd91-f920-47da-b6d7-82bc3fa3eb67,
adb6cc13-a9e3-4236-9eea-c1378b427915,
8230bd9c-6ac4-4e55-9182-8c9235774720,
e7269468-b899-4064-a595-077abace12e6,
2b5d03b0-9dd7-478f-ae05-ccb2185ca527,
9e85181c-f3bb-4c91-a13b-6a9d634f2b83,
b43b9a7d-4e8a-4039-a07b-88c5fe9f12f3,
d8908bba-e894-4424-be2f-21cf1af08c8f,
6c9b6321-9d7a-4988-a0c3-a7c7fdb04def,
8196e74a-c2e2-4a47-96d1-e8028b22fb34,
31f069b4-77a6-40d2-a898-00e6356292d7,
94dfff32-1961-47df-afe2-cd844f951b9d,
83364184-384d-4589-8473-be9d76dee9a6,
6348a790-e8a3-4d1c-bfd3-d2e838643e4d,
95de54ef-9cc2-4f5e-afc6-d0fd6cf9635e,
1ce82d55-0c6d-49ee-a6df-9d8cd46cc635,
1689573b-58d3-40e6-a1fc-4289c9e22d3b,
6b029f48-10bf-45e3-9997-c9743f49f70f,
db792cce-5b60-47dc-b82a-d5198d13c22a,
816d8c21-0da9-4591-b946-5ad51bd1b1c4,
fb77617c-0a7c-4681-a871-4e54345f469c,
a3189073-1452-4ce7-b434-77f853a1ac3e,
8db1e38e-dc8d-4e3b-a520-c7f3e6ad4ddd,
4a222fdc-4184-4ba5-a699-49ed51af1b13,
07bf0528-a3a2-43e4-86c9-8c5040ab8da5,
a8373859-c4c0-4367-98c4-b8ecc6d06a88,
55195adb-c94f-433b-9525-009a86a4b325,
966804b1-9236-4096-8796-feadd7108ad8,
459f930d-b8ee-4486-815d-fb803e4881bd,
b3c507af-8777-46ad-ac6f-beaea5c54f88,
4215becd-afd1-46ea-8aef-6ee6482252a5,
c67c87fb-9e34-49ce-bbfd-afb7776a30e7,
897a2916-5b68-487c-8d9e-c370e6f91211,
9270c9fe-fbe5-49cf-bc5e-0e3a37e8bc75,
b4412e44-7ed6-4b74-9c0b-25a786d12279,
858a3fcf-5e8b-4913-b997-b6889e5b3b3d,
c5b9808c-deac-42a2-bbe3-7d4ad401dcbc,
24905917-f933-4939-bd5e-12eb5b2d7718,
3f608174-ab75-4f7b-8e94-b74f6cdd629e,
7860aeb7-ea22-435f-b2fc-a93d3e8f2d33,
99902471-b658-4060-ad15-49b08849aaf5,
d3774c70-fe80-48c2-b976-24880f87b169,
80d4a639-8514-433c-9113-20c70e403580,
f79a468a-53f9-43a9-bcfa-47e90aab5031,
ad19fb4b-f1a6-4ae8-8d5b-f4768623f3e7,
a70749e2-40b4-4316-be72-caf9c325493e,
d66b72dc-0f7f-4186-a9a3-cd1aba5fb642,
e7e52252-5af8-4f3d-9ec7-24fc7bbb16a1,
cef535a9-3a43-401e-bf11-67a1ec014ef1,
84e452ca-fab9-4fbc-89b9-43261176d916,
57df6d51-9629-4fb6-a106-70546e538952,
95b112eb-9f3e-4008-81e3-9c7b9e8d1db6,
2a316ff6-5c01-440b-b8bb-c296c5416915,
1106248e-94f3-493d-b7b3-c671ccdd7a21,
ae7107cc-6eee-482a-ae1a-5a454809640b,
ed0074a8-aa7c-4499-8356-4720a17eb6fb,
49f4b9c2-c4fb-4c96-a937-cdd77e53548a,
88707356-9edf-468b-a8bf-7eb76967ccfd,
be3cbe2e-d8fd-413d-b635-6a426c786214,
8e634d1a-a45c-43af-bf11-8be9beab00a8,
19df2303-341b-4c65-90a1-d27d54351713,
c41674ab-5e59-4254-93b6-2fd4b8749a30,
0dc31414-ec59-41cc-9cdc-a6530a760c61,
7e51508e-e643-48b3-8ae5-74dc54542194,
5fd3d834-beb7-4f3b-98f9-ad5619e956ba,
d2bbdcb6-9c30-4a0d-aa3d-8b0ece79223c,
2ab9b7e1-6a3c-4a7d-acc1-1c9871553dc1,
371af364-7d77-47ac-86b8-2140df86f164,
1ca68c5f-e294-45fb-b94d-05c8289695e9,
fb908d08-d788-4f38-95fe-d74a693429c8,
6cef7dd5-41b8-46d3-85cd-5d972e019908,
6bea53e8-a147-41a8-9921-71a4f922ac8b,
06047e07-d4e1-4805-aa71-2d64624399e9,
3911a620-1ce1-4031-bb7b-5fcce34abead,
458c1dd4-0075-4b2c-8abf-79dfced7926e,
f127f64a-4712-4870-b716-1ac81ae79922,
786ba23c-ee38-491b-9355-4a55a5d740f4,
0feddd0f-60c9-4bad-83d4-2a7cced2bea4,
8c515324-260c-42a4-aa34-416cb5876f3e,
b88339e8-beb6-4605-b2a2-9f4e15617447,
6fc87f4e-0638-4951-a315-6e7845ba037c,
cfd09c2d-6f7c-431f-9fb4-074a7bcb8179,
3cfa6d3d-fb56-44dd-a212-e6560370fc58,
e87ec60a-8bfa-4253-a951-7a30d23d0cc1,
4b8d1ae4-c952-4751-8b59-3ca65122defc,
c464c03a-0b88-4eea-9afb-40c502d65b8b,
3b97d534-fd53-4825-bacd-b40590d92531,
9585af54-a3c1-4ace-b532-0f200fb804f0,
cab56075-c7ea-4456-9074-f734c41d44b9,
e93efb85-ea9b-47d9-8293-97401e2c9b51,
3a598f2b-1b91-4b46-a036-f6dabf8d9d99,
aeee0e6c-aef8-4276-99f6-daf21aa17922,
a8f66015-04c5-4d66-845e-5175725ee1ef,
b98d3b89-6a9a-4304-8a2c-30e19c2776a7,
33ed0975-00a3-448d-b733-270afd6bf0d1,
e0f0fa14-77ba-4060-8139-605a7b05c1d2,
5b0ed38d-5eb1-45a5-838d-51f5fdb8d118,
f7a01d49-e8d8-4886-8195-c2c3bcebeb76,
dcc0ac85-63b0-4f7b-acb9-ae1cd72b859d,
643e3e5f-3d27-4dc5-b98e-e6abb8429278,
1450cdb2-6dbc-40df-b8f0-13917af9f36c,
b52ec923-274c-4902-9128-2ce3d2b29865,
0c424fc8-f522-4926-99a1-dae0f5982ba1,
3c302b63-0d15-43ff-b731-e94b70574213,
2488d489-71b4-46a8-aa64-268b8073f675,
9dc441e5-ca12-40b3-b76e-e03bdbd0e5fd,
1f594eee-5b89-44a9-b853-5fe5920db404,
64fc227a-9620-487d-a899-e797e9c08000,
ca3ff832-288a-4bd0-8e78-2bd8f8380d6a,
dd570589-21de-48d3-9f3a-461396712ddd,
254c3da2-a07b-4884-9191-2ff6070a25e1,
a3b35677-0356-4925-ad0a-25b6cd19836b,
4319211c-49f4-4af4-9ba8-0854ba3a8c1e,
66d40b17-9f45-43cd-8492-6712436dab30,
8e52131d-cf4d-4c6b-95d1-2c8fa03b5f04,
dc0952ef-3be8-4255-a4d4-7f80afd639a5,
ec9a6f77-87b5-40c8-901d-e39f3a5c0881,
5aa996c4-a335-4aa3-94d2-15041aafd672,
fb06a121-136e-4ed2-ba10-dc8fea7ea6b8,
31503cdb-78dc-4018-b849-e1d08f781677,
7d0b95b3-de8c-4582-a682-df9aa60f6322,
4c101d4a-b3f2-4eb0-803c-cf02f0017e71,
12ad4556-3267-4fbb-be00-64e941aafd8c,
88b88739-d285-4fdc-8b0a-1bdb8802f21c,
a2a4061c-a3ad-4f10-8c18-f2d259976091,
386c1cc6-d814-404e-a8e2-5300f3081681,
71b5d40c-cf25-4ab4-affa-02c3e02f32fb,
14e28099-4c6d-4d92-b328-93bf48621e85,
d3e6b2fb-e986-4b59-896f-ec1ecf640f37,
2bc03162-8c5c-472c-a8b8-162503e11cd3,
d619939c-2979-4e5b-9893-90bcfc765325,
04f1c133-3e8c-4e5b-b6f0-c946e2a8b5b3,
e3b362da-51be-4b04-a710-675c1e94f8d1,
d0e16feb-4980-4212-86d6-7b54290fbd71,
28addcbb-457a-45d3-b5f6-49dac8da9be1,
46aff7ab-ea35-42c6-a546-c37cf2505770,
ba9430e9-4be7-459a-9c67-818a4a7cecb8,
c107268e-a5fa-414b-b736-512c637dd55e,
8dea0c45-9a8a-4de7-9ea6-1788794cda27,
1b15774b-156c-4dbc-9b11-32c464d2804d,
ddc6557a-681d-42a3-9918-5f3cd0c05e41,
695ef96b-b129-4a74-8a6b-10fee1974c6f,
3f6d41be-ec66-492d-95df-e9d17d2aa03c,
d64d69a5-9dc5-4ac8-bd6e-0d2266525e0c,
3ebf2e5d-c86c-4fcd-a511-8e4139b38d30,
1685510f-f139-4b36-bafa-0c641e4f2411,
4fc850d7-7c29-4ca3-9614-426e62364660,
0d4519c9-45dc-4acd-8562-eaff2e51507c,
40d4e77f-1899-4588-a50e-622c1f5b98cf,
e616a96f-30ec-428e-ad4f-859339e280e9,
463feaf7-7a05-475a-9e0b-4c68024dc9f6,
c5ff368c-6852-461b-a437-92aa9dea33c8,
b545cd6a-2096-4fe9-b087-6ebda6fcad60,
153b7296-aeee-427c-a7f2-f34b71157396,
07d4daaf-9adc-48ed-ab6f-4f2f633ef2df,
1c44725a-dc9a-4f71-b818-4c762bba4522,
52279b47-f0cd-41a2-9257-1d15b8c4a45d,
a25860fa-d0bb-406a-aa61-8ee03e0d48fc,
c60c2dbc-647a-41b3-8a31-9e5e45fbe324,
8c4fdc62-8332-4ce2-8d9b-c81b4ead1e57,
700cd637-5d55-4497-8b87-e98fff71664d,
e4295489-337b-427b-a1cb-c89238008fe5,
e032394c-695a-4180-9830-7c67bcd71d68,
a76352ca-ef66-42a0-99ab-e780ad82dcd7,
3e0fd2d2-782e-4364-bd5c-7b051da383c4,
005927f1-3078-4a57-a10e-cf378130feeb,
f060ff08-2355-4f29-976a-3db151f3aa47,
34aa582a-467e-4fa6-8d3f-0b1d45538bf9,
53af599d-bf99-494a-92ab-74318de79038,
e48f8afd-ae94-4425-aad8-da097689d86d,
6f27ae92-7a2e-44e6-adcb-f4faf42157a7,
63d036ce-8259-4f6a-b7f6-8a87203ba95a,
3f2f8189-22ec-4ec9-a7e8-cd68ef2695b4,
129cf14d-1dde-43f2-8a86-9090aa068e01,
38a9a6e1-b41e-4ba5-b3fe-a09a0495f50b,
136d6cb5-3ff7-4fa0-b08b-eb16430e1338,
c7236320-d409-4439-aced-5862d8c862c4,
b2428cc5-60cd-418c-a97f-d369474c3c58,
40e38322-4743-4704-8e74-1691d84e38f0,
07829774-424a-4e51-a3c7-5e4d0773a7ad,
87967630-ab73-41c1-8a94-8e7eb7724b31,
12b05ba3-dbbb-412e-a73c-7aa32584aa68,
f32a729b-40fa-40ca-9e11-17c1d327d0a6,
9faa7719-7845-4abc-bac7-2c22b693ee80,
d07f32a4-0413-4728-ad6d-0c55701ac699,
a4739fdc-9266-4f1d-93dd-cc8179799ea5,
c1669ae8-3ed4-4b9a-b9f1-f25deeb29653,
34746e29-01c9-4780-bcbe-1254ba8350cf,
0d8225f8-7ccb-4c2f-921c-4117390e701e,
4e994910-ea43-4ca1-a1c2-ce2dcb3e4314,
16f75c69-e126-4a9b-922a-8aa94e1cd64e,
6d494a75-722d-474f-935b-7e662b79368b,
15e4a5a0-4bee-4fc0-bc2f-8fdcffa12b26,
ad3058ea-94a6-4d16-8c05-03f94ebc0727,
b1b5c45f-6b72-47e0-a515-115acd6a61f5,
254d405c-4eb5-404c-8730-71f32a550428,
2a3f5fb7-531d-40d9-a9f9-de5af571da86,
b1dcb920-1bc9-49df-9ad1-082088604664,
970123cb-1cf9-4433-9054-4153e2315903,
be58058f-76d3-4938-b148-e20b0181a772,
d9235457-8f43-4c03-9cb1-d94d760e04af,
2baca139-50ff-4573-a0b6-54745cca9503,
ca81f25d-37fe-4fce-9a71-b777a6a9e7eb,
3aa9f39d-a994-4a4b-8b3f-a349abe7b2a8,
971d2b9a-2cfd-433c-90b3-085cbc01699e,
3dbbff27-a761-4cb9-8c79-a33824dceeed,
0b357a06-316f-43a5-8f61-237c99104284,
f910043a-f0c9-4522-9171-05310e3590fe,
34cc4a28-d945-452a-b324-c8d3d50660b5,
a6227157-d933-4185-b184-85d01b9de996,
a8c57a8c-74d9-4e15-826b-bee316b666df,
e6c7a460-5ffa-4408-8004-51c27ac32cc0,
e33d3c08-acbc-423f-8f26-9b526411bb04,
581ef551-a8a5-411a-a0ec-ca61af3c5fc9,
c2de2651-f748-49b6-80d7-3a67cb25ea89,
41ea0e3d-e4b9-47c7-ad10-9b8972a64930,
82c4411f-3ad6-4823-83e6-f1403bb72ae7,
266fbaae-524e-441b-ae30-86057cf1aae9,
29edf2dc-eae5-45e9-b3e4-154a5ab4ca46,
afb73235-0524-4684-b4b9-5ac359f0d6ca,
3dc96b06-0c12-4d71-84b2-566bf519f7b0,
4f889cac-74d7-4a9a-93c1-68fbd8a864ba,
008c77f3-e985-4ccb-9321-3187a3e99222,
c949e2db-5912-4c08-8fb7-50b9ef2ffe30,
cde3aba2-c5a4-47ec-835c-92f9b062c4af,
81503475-cb97-4768-ba2b-c0721113d2e5,
9c306032-9f09-4cf6-8443-5c014dbeb745,
921755e2-4930-4b0a-b02b-d241eb2467de,
fbb4a405-0a85-4516-a030-c04e29cea187,
b5536812-111a-45e8-9d93-e852bc9ba013,
3c92dbca-7863-437f-b8fa-f5e4acc2a553,
750940c9-5a1b-47cb-bf72-3bdabd156cda,
4f18cd0e-9b48-4b01-a0bc-738414d9840b,
edc10bc9-f5fa-47ed-a805-9ed7df5bd2c5,
a04f5fef-a7f7-407f-b968-8fa954fa4c5c,
4e12db0a-af42-40da-bd45-b62df8aa7130,
972fd1a2-3409-4698-9437-9a1fb88f9890,
9ec4a788-8c4f-41c7-9773-4bf02a668bf8,
b56a9051-bd7a-4bf0-b26d-df040dbe75aa,
32c61371-f227-4ef6-982f-bcdd66b9ed21,
105c105c-93a9-40e3-bb48-1d9928899baf,
b48f9832-89c0-46c9-88f7-035ceb674f36,
70da30ff-4e27-4281-a2f2-9b8644241913,
e8f95b11-b029-495f-bc74-243ad5748cc7,
7ebbab46-8177-4b2e-ad49-bb12a3b8ef41,
17fa2b22-dd8a-4330-94df-089502a67628,
46253b6e-aa2c-43b7-a338-b76129272926,
aef9500b-437d-45ec-9fac-d3ede6a67189,
574ac3f7-1c65-4854-a598-fa4462f572f8,
b959872e-6ed1-4401-8ecf-5a5ce5283aa8,
76ea0494-7ef4-4e0e-a503-0c196fa67968,
8bb9ee0b-cc49-440f-a822-766ba569f588,
ed95455d-d342-4f89-a736-5ad23f944b05,
e8d4b45e-3b21-4e47-b0dd-5e4d129e427f,
242f4087-26e5-4b07-a0b6-c33cd7797db3,
c4db02ee-7dcc-44fe-a5ad-25088afe0887,
d1304af3-591e-4a6b-8c9c-6cbb2e8d053f,
e022589b-822a-4c5c-bad8-b96ed28854a2,
d344d958-8978-4d50-90e9-b3ff819d8093,
e12892b3-a019-419b-b0b7-06227e17fa59,
7202a257-7729-40f1-912b-bab5f1879997,
082bf69b-b784-4160-b76d-6a451bc5cd99,
acea7f10-160b-467e-b0af-dc1566b6c576,
a02f6f6f-246a-4f9e-9823-d347873a2350,
0cb5c124-7942-4b65-9c1d-d27a44a71d39,
5e7d5fc8-603f-4b26-947f-bcc8821cfee8,
46c930ec-ef36-4f83-a0a2-b24da54ce9a6,
d391afc8-0aa0-4ad3-b830-bfe54417e935,
87e510c9-5916-467b-9bf1-af3722da8359,
daeac634-ff52-4960-9dcc-e5d246b14660,
75284b05-0429-494c-9964-ef2ea92d7e5f,
90216f7e-ad76-4919-9987-946569349fa6,
d59a6353-8a9a-4187-8da6-2c1f96d9ecea,
cd5e38c4-a78a-4424-af72-320b5ad83068,
a299e97c-a12a-403f-b305-c65842bf2f4c,
2b12322b-fa78-443b-949a-a552a2aa23a3,
9c0d507a-f862-46e5-bffb-56e2e9138e71,
02bd3372-6983-4bdf-81ab-d61374619e9b,
4752d3ed-9906-4091-babe-9d143e5212ae,
7632c975-e9bc-425c-9a15-55b91dd98d9e,
0eee83e1-25ec-41d0-923f-278ebaccb325,
5d9ae971-d750-4d66-95fe-bf4c15f9b3a1,
f0421ea0-3e86-4f27-904c-1493e91c41b9,
c4c7f029-4d9c-46dc-b49b-d07d26b062da,
0257e1b2-4572-4ac8-8527-27d741f9f484,
33b26650-1f61-4fc3-b261-40f81a6d4076,
e8b1994e-bbfe-49ad-b8db-2a7b5c7b4590,
75363c0f-d203-450c-af94-57c553d14a1b,
4f9958a4-1dc3-45eb-aa77-09b8500d0559,
df1de509-6d23-476e-8365-a829760cfef4,
467c2541-c4c6-479f-8fac-ddca1554d03a,
cc8abe39-4737-42ab-b16d-245b1c663e7e,
24d73e5a-f386-4500-ac9d-60cee140a3bb,
6f1a923f-5d90-4ca7-9dfb-fbad1a2eec4d,
f541dacc-5783-4f8e-8273-f78a1a04f5c1,
b0d46fd1-b6c5-45a6-84ab-12f6cfb6e9d6,
f7fb61f4-aef9-4c11-8f3a-88016724fdcf,
9caea094-a7bf-463b-b625-939c4eb60def,
ee23b70c-8c2a-40ae-9e5a-1f4189bda15a,
28b6405d-ec3c-49c3-8df9-73b89a328091,
4df3ac61-2eef-4ef4-a1ba-9e06ef5c7e8c,
60ea11d0-90f1-4329-a08d-d1988fe8ab2a,
191f0cef-8eed-44c7-a465-ae4582637ff7,
18329450-5b58-474e-b9f6-1ff2621a3544,
35577239-1e09-43da-a99f-ad4f2a98a995,
4bcf475c-4391-4bc7-863c-670c771f8250,
056a96ec-6149-4695-8468-3bb33f99219e,
794c0de8-809e-46b2-a39a-e2746504de92,
591311b5-5c34-4a2b-a38b-5a21c95c8892,
a879b47b-2182-431e-8299-24f4e32dfff1,
6c7d8e07-24d9-40e7-9cec-7b8663308a5e,
a2f4a9a9-8f6d-466f-b2fb-24b03ad299ae,
52d45a61-bfe8-4105-ad99-2a90ef336603,
3b35b7ee-b3c3-4237-9692-d3cd73ce5c55,
25e9fbfe-74ed-4799-b31b-c8bce774f7e0,
692b1495-5a03-4280-bc6d-bd5cfdd61fd0,
a03e6249-f4e6-4c24-91ab-daa9f02bf9c9,
68eb9ffa-7ae7-47bc-a83c-da5d1d4277e8,
62310ac4-d797-4a81-9746-5ffbe6941f98,
b6bbd627-c071-4216-80e2-7599fcb87b91,
3c178bf3-f48c-4a09-8d8f-116852721480,
c5dcfef4-b265-4559-9093-44cf4e16c3dd,
d5bb8d53-69a7-4584-b354-28e5851a544f,
417df0cd-10ee-4faa-abb3-9fa87e8b20db,
bc66b7d0-3ac2-49b5-9800-1350b5b142cc,
a48033fe-2bdf-4356-b08f-dbe5027e29e1,
45d1b97e-8f4d-42d5-9082-cd3359ec6cbf,
5bd5f68f-90d9-4d8b-b309-78550ef4d69e,
b91d336b-b9d5-43b6-9d38-5d621c81d117,
091be8f8-ba0f-49d7-b936-65d311b2619f,
29c5ad39-9344-4be0-bed6-5590131da2be,
50524206-3192-4f3e-a3f4-42aace66c76d,
9ee0b342-46fd-49be-b001-411a98e0951e,
53eb8585-c961-4190-9431-337a01d601bc,
753f1ab4-7397-4fcd-9c73-1a1ac44331d8,
2fb39ea7-b7ac-4399-8cfe-f9c300b87a78,
86df7cf1-7825-45f1-a7e4-9600dcf4eb9b,
567759cb-6ddb-4423-a5f5-ecb0a62668e8,
6ca5d2d3-16d0-4f0b-b911-334874214a0c,
100b91ed-1d63-4d85-aa84-51ecc4d21cbe,
b40ff000-7b52-416c-b438-f75cb81f8794,
04889cad-d163-42f3-aab6-085574e93266,
468934ee-b596-4e39-b990-b16e4171fedc,
a2cf5599-ff05-42be-a0dd-6070b4dfad81,
31153345-5888-49ea-8c79-b0d3e3eadba1,
0fb13ae9-8b3d-4ac8-8118-fb1af8d7844d,
cdaacd9d-e065-4b70-afcd-33422852f08b,
e0165075-52d1-4933-a42c-55db2c7d0cb0,
7f79e8b5-5fbb-44dc-bb8b-2aa3c28126a3,
63ad4a41-483c-4fe3-a103-37c63fdcedf7,
53a5d44a-144e-4c24-87ed-f8ede2b0d489,
2699eaff-d51f-4ccc-8a15-8615d54f7a48,
4e4756bd-532e-4382-8999-831b09977d1c,
81373149-111d-4f41-95b9-5755ec00ff5c,
448946ff-f302-4005-9197-5ae7f3fe598d,
61b1912e-1895-4bfb-8c9d-6ccc3647d8ff,
6d9410cf-37da-4c3e-9db3-3f0e726bc46c,
398cfaa2-d91d-4740-8fa7-98cfcac894f6,
b5421aa0-775e-4517-89ca-9df2d122086b,
e6803272-4f47-4e8b-b288-db5df245e2f9,
a2327a53-1119-480d-b99e-026b50f0d7ea,
0d118fcd-437c-4d78-8ad9-e9a9bb84f44d,
66483dd4-ad1e-45dd-b2a7-aeb44063695c,
c9dd262e-405c-4078-baae-262aa48ddcc8,
73c720b5-1101-4790-af52-3366823e1d32,
357db18f-d872-416e-a07f-753099853d9c,
2d8b1419-1c46-4e83-892a-081fb417de38,
0ef677d5-2858-407c-9fd5-49d8afbeaaac,
